driverId,name,ssn,location,certified,wage-plan
10,Samantha Myers,376-96-6111,"42075 Thomas Point
Sparksburgh, OR 93203",Y,miles
11,Aaron Miller,306-16-1136,"PSC 6883, Box 4616
APO AP 71702",Y,miles
12,Nicole Nolan,651-44-6149,"348 Renee Plains
Michaelfort, VT 08166",Y,hours
13,Teresa Hernandez,432-91-9707,"861 Nguyen Divide
Smithland, PA 38175",Y,miles
14,Douglas Hancock,106-36-8624,"PSC 5946, Box 8907
APO AE 63485",Y,hours
15,Steven Garrett,098-36-1598,"445 Sonya Drive Apt. 576
Finleytown, AR 31011",N,miles
16,Justin Thomas,861-49-8491,"607 Leblanc Crossroad Apt. 572
Brianborough, NJ 31591",N,hours
17,George Harris,231-82-6029,"29563 Julie Track Suite 085
Farrellmouth, SD 65114",N,hours
18,Felicia Mayer,510-23-9520,"51389 Alyssa Haven Apt. 698
Lake Paulside, DE 11640",N,miles
19,Desiree Harris,678-77-5448,"9920 Jared Forges Suite 569
Port Stephaniehaven, RI 01826",N,hours
20,Kimberly Leach,273-51-0499,"61016 Rhonda Estate Apt. 930
Jamiemouth, PW 99877",N,miles
21,Diane Martin,408-91-0516,"98603 Bradshaw Pass Apt. 832
East David, MP 62909",N,miles
22,George Johnson,816-80-3786,"8856 Gonzalez Locks Apt. 221
Coryfurt, MH 37463",N,hours
23,Christine Cain,726-11-2510,"017 Sandoval Springs
Travisfurt, PR 77348",Y,hours
24,Raven Chavez,087-86-4376,"56817 David Villages Apt. 045
Lake Kevin, NC 91200",N,hours
25,Becky Reyes,212-36-4288,"142 Young View
Lutzstad, AZ 58321",N,hours
26,Henry Moore,005-28-7971,"95439 Maldonado Falls
Chadtown, NV 37408",Y,miles
27,Gary Martin,128-14-6681,"97953 Pham Mission
New Staceyport, TN 38141",N,hours
28,Eric Coleman,031-18-8395,"21040 Karen Drive Apt. 658
West Morgan, ME 11904",N,miles
29,Sandra Nichols,093-47-8262,"353 Ashley Viaduct Apt. 418
Lake Amanda, MT 18997",N,hours
30,Diana Martinez,642-73-9928,"320 Jonathan Drive Suite 983
West Steven, NE 05731",Y,miles
31,Ronald Mclean,700-58-2833,"801 Harris Port
Katherineview, VT 37301",Y,hours
32,Jennifer Castro,112-94-9679,"385 Rebecca Drives
Dylanborough, MS 88719",Y,miles
33,Walter Bradford,874-06-2196,"06151 Brown Knoll
Jonesbury, ND 99682",Y,hours
34,Teresa Thomas,163-88-8544,"54636 Brian Knolls
Johnside, LA 44726",Y,miles
35,Stephanie Thompson,764-03-3302,"98504 Nicholas Knolls
Perryview, MO 67116",N,hours
36,Billy Bonilla,056-33-2717,"94168 Austin Lodge
West Nicholas, TX 01118",Y,hours
37,Tony Hurley,275-61-6541,"06655 Carter Shores
New Virginia, PA 38655",N,hours
38,Jessica Tucker,163-59-6299,"40777 William Tunnel
Laneport, ME 68106",N,hours
39,Doris Austin,402-16-6513,"70111 Danielle Circles
Mooreville, PW 32398",N,miles
40,Andrew Gonzalez,299-73-1660,"93091 Joseph Brook Apt. 218
North Benjaminbury, AZ 83005",N,miles
41,Edwin James,284-92-4606,"6577 Cox Prairie
Gregorychester, UT 21538",N,miles
42,Jill Hamilton,243-08-1296,"513 Johns Villages Apt. 678
Lake Richardview, MS 33158",Y,miles
43,Julie Guerra,201-42-2278,"0332 Shaw Greens Suite 992
Beltranstad, NE 64960",Y,hours
44,Susan Fuentes,216-57-3511,"88246 Harris Shore
Cherylhaven, MP 61785",Y,miles
45,Ricky Ramirez,575-04-1513,"98276 Underwood Branch Apt. 191
Jacobbury, TX 30512",N,miles
46,John Walker,429-53-4643,"USNS Herrera
FPO AP 97285",N,hours
47,Shari Haynes,416-33-7494,"6491 Torres Ramp
Hamiltonmouth, IL 96606",N,miles
48,Larry Ross,312-89-2266,"650 Stephanie Mount
Kramershire, NV 73325",N,miles
49,Diana Williams,087-04-6807,"196 Garner Streets Suite 907
East Toddfort, GA 04757",N,miles
50,Lindsey Fitzgerald,384-39-1498,"5873 Gonzalez Ports
Lake Ralphburgh, MS 62762",N,hours
51,Alexander Allen,871-31-3255,"USS Peterson
FPO AP 82388",Y,hours
52,Larry Wilson,184-45-7726,"0900 Morton Motorway Suite 401
Anthonyton, MH 30785",Y,hours
53,Dakota Villegas,604-99-3392,"Unit 6539 Box 7108
DPO AA 84580",Y,hours
54,Timothy Kline,749-88-5529,"USNS Mills
FPO AP 08043",Y,hours
55,Beth Brown,052-86-0333,"45272 Jeremy Ville
West Jessica, GA 30555",N,hours
56,Xavier Moss,154-65-4791,"6500 Anderson Throughway Suite 133
South Jonathan, SD 35163",Y,hours
57,Dominic Adams,350-45-9224,"712 Garner Cliff Suite 828
Lake Johnnyshire, CT 98591",Y,hours
58,Paul Knox,249-22-6594,"9139 Tanya Mountain Apt. 638
East Elizabethfurt, IL 30599",Y,hours
59,Tammy Conley,263-39-2568,"2532 Lisa Street Suite 233
Andrewshire, WY 41967",N,miles
60,Steven Lewis,400-80-4537,"4671 Deborah Lodge Apt. 581
Cindyside, ME 42016",Y,hours
61,Michael Morris,221-87-9257,"14698 Contreras Cape
East Robert, FM 17209",N,hours
62,Cody Collins,488-47-8355,"6637 Barrett Drive
Bethbury, SC 51379",Y,miles
63,Loretta Jenkins,655-01-4168,"26809 Earl Courts
Jillville, TX 04431",Y,hours
64,Dr. Alexa Fleming,276-43-8051,"1870 Ashley Dale
Lake Derekshire, AR 27856",Y,miles
65,Tyler Hutchinson,889-57-1700,"083 Jackson Lane Suite 962
East Kevin, MS 28529",Y,miles
66,Anthony Conner,488-65-7134,"489 Michael Village Apt. 278
Russellview, AL 70009",Y,hours
67,Andrea Sanchez,005-22-8934,"8090 Kimberly Track Suite 426
South Michaelmouth, VA 87696",N,miles
68,Nicholas Patel,551-22-2560,"5012 Bradford Rest Suite 988
North James, NM 07456",Y,miles
69,Tammy Wagner,093-65-3916,"80703 James Cape
Port Nicoleburgh, DC 20075",Y,miles
70,William Evans,543-73-2991,"83037 Franco Islands Apt. 932
Aliciatown, PA 71579",N,miles
71,Ms. Karina Williams DVM,390-29-8834,"8002 Martin Hill Apt. 208
East Shannonstad, WA 25539",N,miles
72,Michelle Walker,205-61-1191,"Unit 9998 Box 4323
DPO AE 29854",N,hours
73,Michael Johns,622-04-6788,"14354 Flowers Trail
South Teresa, FL 63504",N,hours
74,Stephanie Martinez,125-25-7409,"35315 Emma Row
Jordanborough, GU 43048",Y,miles
75,Nancy Coleman,585-22-4732,"68077 Lauren Gardens Apt. 422
New Georgemouth, MP 93364",Y,hours
76,Samantha Cox,099-48-8442,"2855 Martinez Parkways
Port Loriburgh, AR 92805",Y,hours
77,John Ford,152-73-7376,"385 Turner Plaza Suite 330
Mendezfurt, NJ 48810",Y,hours
78,Brittany Schneider,256-07-7557,"8666 Melissa Common
Allisonfort, MA 94863",N,miles
79,Aaron Marshall,534-46-3571,"79130 Stone Glen
Catherineside, MS 12108",N,hours
80,Michael Nelson,420-01-4960,"557 Mary Grove Suite 270
Lake Anthonyburgh, CT 65264",N,hours
81,Daniel Young,336-19-7509,"1854 Leon Cape Apt. 162
Dalehaven, AR 99456",Y,miles
82,Steven Lopez,329-50-1011,"47120 Price Dale
Allenhaven, MI 13309",Y,miles
83,Jesus Berry,478-27-4529,"37940 Williams Landing
Shepherdville, KS 88933",N,hours
84,Carlos Young,350-16-1330,"172 Michael Terrace Apt. 354
Loganfurt, DC 69157",N,hours
85,Sarah Turner,268-06-1155,"8401 Cortez Vista
New Beth, ND 04694",N,hours
86,Patricia Rodriguez,075-15-0280,"44220 Smith Isle Suite 930
New Barbara, IN 39163",N,miles
87,Kurt Smith,412-12-4899,"4784 Elizabeth Square
Lake Emily, IA 67128",N,hours
88,Samuel Shaw,542-09-2546,"797 Gabriel Mall
Jamesmouth, VA 81186",N,hours
89,Alan Williams,766-92-8553,"930 Williams Overpass Apt. 078
Lowemouth, WY 84665",N,miles
90,Rachel Ruiz,005-71-7040,"60253 Turner Summit Suite 498
Crawfordmouth, SC 48376",Y,hours
91,Kevin Johnson,374-72-1564,"7847 Higgins Alley
Cherylville, FM 06857",N,hours
92,Dawn Singh,674-94-2135,"282 Holder Avenue
Lopezport, MH 26381",N,miles
93,Michael David,533-02-1049,"0299 James Isle
South Davidville, NM 02483",N,hours
94,Jay Dalton,678-93-5119,"0964 Stone Rest Suite 248
Denisetown, LA 69067",Y,hours
95,Cynthia Mitchell,142-54-5939,"128 Gail Plaza Apt. 853
South Jason, IA 26833",Y,hours
96,Daniel Patel,823-04-7983,"8189 Jose Summit
Thompsonville, OH 90258",Y,miles
97,Tiffany Patterson,713-36-7860,"970 Brian Road Apt. 201
North Lindastad, WA 40661",Y,miles
98,Amanda Knox,308-17-5886,"72806 Walker Island Suite 910
West Jamesmouth, CO 38404",N,miles
99,Rebecca Townsend,305-92-7204,"42577 Rivera Cliff Suite 468
Cynthiaton, KY 61103",Y,hours
100,James Campbell,639-98-8654,"2435 Harvey Cliff
South Charles, NH 49935",N,hours
101,Andrew Lane,034-63-0128,"PSC 7239, Box 7566
APO AA 93801",N,miles
102,Victoria Ramirez,418-24-9432,"USNS Ramirez
FPO AP 09245",N,hours
103,Michael Carter,620-85-3191,"12807 Allison Burg Apt. 151
South Dylanfurt, SD 13003",N,miles
104,Wesley Lopez,811-72-3600,"078 Riggs Track Apt. 412
South Laurenshire, NJ 85697",Y,hours
105,Joshua Durham,508-09-3596,"86412 Adams Mills
Laurieville, OK 26182",N,miles
106,Marie Schultz,219-05-5549,"323 Lam View
Strongview, FM 41676",Y,miles
107,Amber Thompson,547-79-9109,"034 Rogers Landing Suite 456
Lake Joyceshire, MS 79623",Y,miles
108,Jessica Peterson,826-04-2464,"04257 Thomas Cliff Suite 894
West Karla, UT 94266",N,hours
109,Elizabeth Parker,174-92-1711,"18041 Arnold Corner Apt. 173
North Kimberlyberg, AZ 94924",N,miles
